property,value,unit
e_tot, -680.39872488, eV
volume, 838.5674320845263, A^3
