property,value,unit
e_tot, -680.36731578, eV
volume, 843.4788120403426, A^3
