property,value,unit
e_tot, -676.06599661, eV
volume, 754.7106888760752, A^3
