property,value,unit
e_tot, -679.28373094, eV
volume, 796.6390604803034, A^3
