property,value,unit
e_tot, -679.80474545, eV
volume, 880.4958036887442, A^3
