property,value,unit
e_tot, -680.36069394, eV
volume, 846.9531064053746, A^3
